{
  "results": [
    {
      "command": "python -m venv .venv && source .venv/bin/activate && python save_embed.py",
      "mean": 15.773788763073334,
      "stddev": 0.7926483404479505,
      "median": 16.04708990174,
      "user": 8.391758866666667,
      "system": 1.4700811733333332,
      "min": 14.88065206874,
      "max": 16.393624318740002,
      "times": [
        14.88065206874,
        16.04708990174,
        16.393624318740002
      ],
      "exit_codes": [
        0,
        0,
        0
      ]
    }
  ]
}
